label,area,centroid-0,centroid-1,major_axis_length,minor_axis_length,orientation,perimeter,max_intensity-0,max_intensity-1,max_intensity-2,mean_intensity-0,mean_intensity-1,mean_intensity-2,min_intensity-0,min_intensity-1,min_intensity-2
1,102001.0,1616.225252693601,4276.47092675562,387.6961553054501,337.2568850731533,-0.2863622624659008,1207.7859300126263,163.0,174.0,219.0,75.99591180478623,82.11551847530906,106.8903932314389,0.0,0.0,14.0
2,297467.0,1632.184723011292,523.5037197403409,728.411822107015,530.7999950583126,-0.240253524580934,2119.263202160151,151.0,154.0,199.0,88.18614837948411,90.42260149865363,108.72081609052432,0.0,6.0,16.0
3,101898.0,1605.0956054093308,3377.498478871028,429.1014897415559,309.1111895325835,-0.0024138689703030883,1238.908729652601,155.0,167.0,211.0,82.63944336493356,89.65245637794658,113.76380301870498,3.0,4.0,24.0
4,125690.0,1654.7832047100007,5096.827734903333,460.60809453290284,354.11463078356195,0.302618740095493,1366.2640687119285,158.0,170.0,216.0,85.56822340679449,90.82604025777707,117.33642294534171,19.0,19.0,44.0
5,314734.0,1639.1175246398545,1446.8951432002898,698.2679147705578,582.1953653674346,0.34798693893700594,2165.072293301141,149.0,155.0,202.0,88.38362236046947,93.8324489886698,113.02789021840665,15.0,14.0,27.0
6,275035.0,1607.2007962622938,2420.806915483484,711.7100440055945,497.5719856726705,0.02240356230105638,2024.5037508062173,163.0,172.0,213.0,111.47965895249696,117.80030177977348,137.14447252167906,19.0,14.0,30.0
