{
  "yolo_time": 0.8474757671356201,
  "fastsam_time": 51.9421751499176,
  "postprocess_time": 0.946786642074585,
  "total_time": 55.1364631652832
}