{
  "image_name": "DSC08059.JPG",
  "image_size": {
    "height": 3648,
    "width": 5472,
    "channels": 3
  },
  "total_grains": 6,
  "processing_date": "2026-01-19 14:49:21",
  "system_version": "2.0.0",
  "area_statistics_pixels": {
    "total": 1216825.0,
    "average": 202804.16666666666,
    "min": 101898.0,
    "max": 314734.0,
    "std": 102952.96058961426
  }
}